id,first_name,last_name,email,gender,ip_address
1,John,Doe,john.doe@example.com,Male,192.168.1.1
2,Jane,Smith,jane.smith@example.com,Female,192.168.1.2
3,Michael,Brown,michael.brown@example.com,Male,192.168.1.3
4,Linda,Johnson,linda.johnson@example.com,Female,192.168.1.4
5,William,Jones,william.jones@example.com,Male,192.168.1.5
6,Elizabeth,Garcia,elizabeth.garcia@example.com,Female,192.168.1.6
7,David,Miller,david.miller@example.com,Male,192.168.1.7
8,Jennifer,Davis,jennifer.davis@example.com,Female,192.168.1.8
9,Richard,Martinez,richard.martinez@example.com,Male,192.168.1.9
10,Mary,Hernandez,mary.hernandez@example.com,Female,192.168.1.10
11,Joseph,Lopez,joseph.lopez@example.com,Male,192.168.1.11
12,Susan,Gonzalez,susan.gonzalez@example.com,Female,192.168.1.12
13,Charles,Wilson,charles.wilson@example.com,Male,192.168.1.13
14,Karen,Anderson,karen.anderson@example.com,Female,192.168.1.14
15,Thomas,Thomas,thomas.thomas@example.com,Male,192.168.1.15
16,Nancy,Taylor,nancy.taylor@example.com,Female,192.168.1.16
17,Christopher,Moore,christopher.moore@example.com,Male,192.168.1.17
18,Margaret,Jackson,margaret.jackson@example.com,Female,192.168.1.18
19,Daniel,Martin,daniel.martin@example.com,Male,192.168.1.19
20,Dorothy,Lee,dorothy.lee@example.com,Female,192.168.1.20
21,Matthew,Perez,matthew.perez@example.com,Male,192.168.1.21
22,Betty,Thompson,betty.thompson@example.com,Female,192.168.1.22
23,Anthony,White,anthony.white@example.com,Male,192.168.1.23
24,Helen,Harris,helen.harris@example.com,Female,192.168.1.24
25,Mark,Sanchez,mark.sanchez@example.com,Male,192.168.1.25
26,Sandra,Clark,sandra.clark@example.com,Female,192.168.1.26
27,Paul,Ramirez,paul.ramirez@example.com,Male,192.168.1.27
28,Donna,Lewis,donna.lewis@example.com,Female,192.168.1.28
29,Steven,Robinson,steven.robinson@example.com,Male,192.168.1.29
30,Ruth,Walker,ruth.walker@example.com,Female,192.168.1.30
31,Andrew,Young,andrew.young@example.com,Male,192.168.1.31
32,Sharon,Allen,sharon.allen@example.com,Female,192.168.1.32
33,Joshua,King,joshua.king@example.com,Male,192.168.1.33
34,Michelle,Wright,michelle.wright@example.com,Female,192.168.1.34
35,Kevin,Scott,kevin.scott@example.com,Male,192.168.1.35
36,Laura,Torres,laura.torres@example.com,Female,192.168.1.36
37,Brian,Nguyen,brian.nguyen@example.com,Male,192.168.1.37
38,Emily,Hill,emily.hill@example.com,Female,192.168.1.38
39,George,Flores,george.flores@example.com,Male,192.168.1.39
40,Barbara,Green,barbara.green@example.com,Female,192.168.1.40
41,Edward,Adams,edward.adams@example.com,Male,192.168.1.41
42,Jessica,Nelson,jessica.nelson@example.com,Female,192.168.1.42
43,Donald,Baker,donald.baker@example.com,Male,192.168.1.43
44,Sarah,Hall,sarah.hall@example.com,Female,192.168.1.44
45,Kenneth,Rivera,kenneth.rivera@example.com,Male,192.168.1.45
46,Karen,Campbell,karen.campbell@example.com,Female,192.168.1.46
47,Jason,Mitchell,jason.mitchell@example.com,Male,192.168.1.47
48,Amy,Carter,amy.carter@example.com,Female,192.168.1.48
49,Jeffrey,Roberts,jeffrey.roberts@example.com,Male,192.168.1.49
50,Deborah,Gomez,deborah.gomez@example.com,Female,192.168.1.50